feature	RandomForest(n=200, p=1.0)	MutualInformation
minProp-SUMMARYCustomAlgos.tsv_min.txt	0.14902652630607527	0.48155574781514554
minProp-SUMMARYCustomAlgos.tsv_q25.txt	0.03702714138098784	0.4509205262463736
minProp-SUMMARYCustomAlgos.tsv_median.txt	0.03194383996792882	0.47218985391852764
minProp-SUMMARYCustomAlgos.tsv_q90.txt	0.0279142104236615	0.3886105083441249
minProp-SUMMARYCustomAlgos.tsv_q10.txt	0.026309065841512755	0.3596647814803635
min-SUMMARYCustomAlgos.tsv_std.txt	0.02513718070489811	0.4903449933643027
min-SUMMARYCustomAlgos.tsv_var.txt	0.02477134521824473	0.49169461137528314
std-SUMMARYCustomAlgos.tsv_std.txt	0.024609225673018827	0.21035877731985808
std-SUMMARYCustomAlgos.tsv_var.txt	0.02326818804553543	0.20876970009575047
std-SUMMARYCustomAlgos.tsv_min.txt	0.021613860499389934	0.4779054362907065
std-SUMMARYCustomAlgos.tsv_q10.txt	0.021519941924224722	0.5076147112890745
eigenLocal-SUMMARYCustomAlgos.tsv_q10.txt	0.01941401257717966	0.4539829079562696
diff-SUMMARYCustomAlgos.tsv_q75.txt	0.018297499006437137	0.325936376953734
med-SUMMARYCustomAlgos.tsv_q25.txt	0.018011051002158298	0.4631910407920645
mindiffs-SUMMARYDiffGlobal.tsv_q10.txt	0.017045784224919407	0.44382167761075797
mindiffs-SUMMARYDiffGlobal.tsv_q25.txt	0.015411382932935381	0.44382167761075797
mindiffs-SUMMARYDiffGlobal.tsv_q75.txt	0.014426249761889179	0.44382167761075797
diff-SUMMARYCustomAlgos.tsv_median.txt	0.014121783380009844	0.36748517306008033
mindiffs-SUMMARYDiffGlobal.tsv_mean.txt	0.01348966444236967	0.44382167761075797
diff-SUMMARYCustomAlgos.tsv_max.txt	0.01348579262847892	0.20226193201353526
mindiffs-SUMMARYDiffGlobal.tsv_min.txt	0.013445909946102888	0.44382167761075797
minProp-SUMMARYCustomAlgos.tsv_var.txt	0.01302539719769064	0.3634482229835023
std-SUMMARYCustomAlgos.tsv_median.txt	0.012896537841956485	0.4074325591630874
mindiffs-SUMMARYDiffGlobal.tsv_median.txt	0.01286838840513584	0.44382167761075797
eigenLocal-SUMMARYCustomAlgos.tsv_min.txt	0.012669695406642157	0.5153005691996859
std-SUMMARYCustomAlgos.tsv_q75.txt	0.01263235351921754	0.2882483528416584
diff-SUMMARYCustomAlgos.tsv_q90.txt	0.012334433036390063	0.311156733057087
minProp-SUMMARYCustomAlgos.tsv_std.txt	0.012128247237580363	0.3649582160953311
mindiffs-SUMMARYDiffGlobal.tsv_max.txt	0.011888894676252202	0.44382167761075797
mean-SUMMARYCustomAlgos.tsv_q10.txt	0.011677259384968821	0.4594583716246339
minProp-SUMMARYCustomAlgos.tsv_max.txt	0.0116160405853916	0.31713065806519847
med-SUMMARYCustomAlgos.tsv_min.txt	0.010898147411176362	0.5154618158276607
med-SUMMARYCustomAlgos.tsv_median.txt	0.010808816528553434	0.43624902068740345
minProp-SUMMARYCustomAlgos.tsv_mean.txt	0.010320232545255048	0.43287279162137127
std-SUMMARYCustomAlgos.tsv_q25.txt	0.01017249605598982	0.48457490501849865
std-SUMMARYCustomAlgos.tsv_max.txt	0.009976266634430834	0.34110233564552583
med-SUMMARYCustomAlgos.tsv_q10.txt	0.009375131130445856	0.4751077994287938
mean-SUMMARYCustomAlgos.tsv_min.txt	0.008732845879658255	0.516471183528652
max-SUMMARYCustomAlgos.tsv_median.txt	0.00872898681861356	0.11862877444006958
minProp-SUMMARYCustomAlgos.tsv_q75.txt	0.00868717908363752	0.4223143854088236
min-SUMMARYCustomAlgos.tsv_q90.txt	0.008314719386159892	0.4022354576936076
mindiffs-SUMMARYDiffGlobal.tsv_q90.txt	0.00814838613109844	0.44382167761075797
maxdiffs-SUMMARYDiffGlobal.tsv_q25.txt	0.007046083939334842	0.32393341022351274
maxdiffs-SUMMARYDiffGlobal.tsv_q90.txt	0.006982012730440387	0.32393341022351274
maxdiffs-SUMMARYDiffGlobal.tsv_min.txt	0.006979160162773602	0.32393341022351274
std-SUMMARYCustomAlgos.tsv_q90.txt	0.006978980547063822	0.3816876270717797
maxdiffs-SUMMARYDiffGlobal.tsv_median.txt	0.006957934389055602	0.32393341022351274
min-SUMMARYCustomAlgos.tsv_mean.txt	0.006937348610324441	0.3688946993310789
maxdiffs-SUMMARYDiffGlobal.tsv_max.txt	0.006459475640988115	0.32393341022351274
diff-SUMMARYCustomAlgos.tsv_mean.txt	0.006395751631133641	0.38521218731055695
min-SUMMARYCustomAlgos.tsv_q75.txt	0.0063781930222796025	0.36057066586465014
maxdiffs-SUMMARYDiffGlobal.tsv_mean.txt	0.006054481816183444	0.32393341022351274
maxdiffs-SUMMARYDiffGlobal.tsv_q75.txt	0.006025409754703555	0.32393341022351274
maxdiffs-SUMMARYDiffGlobal.tsv_q10.txt	0.005833390396935438	0.32393341022351274
std-SUMMARYCustomAlgos.tsv_mean.txt	0.0051091757416569655	0.4280653883695251
eigenLocal-SUMMARYCustomAlgos.tsv_q25.txt	0.005088265985988287	0.49125866585233613
min-SUMMARYCustomAlgos.tsv_median.txt	0.004767585418187172	0.35478512105741
min-SUMMARYCustomAlgos.tsv_q25.txt	0.004289648646267792	0.31107424395685435
diff-SUMMARYCustomAlgos.tsv_var.txt	0.004074067953333159	0.5449074780150185
med-SUMMARYCustomAlgos.tsv_q75.txt	0.0038815314874306277	0.3116744705482919
diff-SUMMARYCustomAlgos.tsv_std.txt	0.0038616157503593195	0.5469892292456087
diff-SUMMARYCustomAlgos.tsv_q25.txt	0.003695724573130056	0.3313084794853709
mean-SUMMARYCustomAlgos.tsv_q25.txt	0.0036335461079167104	0.4780794454829578
diff-SUMMARYCustomAlgos.tsv_q10.txt	0.003182428917881025	0.40898884464946583
eigenLocal-SUMMARYCustomAlgos.tsv_q75.txt	0.0031755265638288063	0.2562944915966927
eigenLocal-SUMMARYCustomAlgos.tsv_median.txt	0.002989319484128728	0.4345268176685093
mean-SUMMARYCustomAlgos.tsv_median.txt	0.0027885745351026205	0.40363561968314476
min-SUMMARYCustomAlgos.tsv_q10.txt	0.0027437042010362085	0.29488784348275576
med-SUMMARYCustomAlgos.tsv_q90.txt	0.0025121968541655048	0.22416386019961543
min-SUMMARYCustomAlgos.tsv_min.txt	0.0024313969890528827	0.34051055025903487
min-SUMMARYCustomAlgos.tsv_max.txt	0.0024141920371546803	0.4446973541203012
mean-SUMMARYCustomAlgos.tsv_q75.txt	0.002266354584227332	0.26603601191200976
med-SUMMARYCustomAlgos.tsv_mean.txt	0.0022642522547636863	0.28403035174884295
med-SUMMARYCustomAlgos.tsv_std.txt	0.0021356418529942197	0.1444631589319969
eigenLocal-SUMMARYCustomAlgos.tsv_max.txt	0.0020933790579902353	0.274155678233881
med-SUMMARYCustomAlgos.tsv_var.txt	0.0020104671363237324	0.14414408240042098
max-SUMMARYCustomAlgos.tsv_q25.txt	0.001938188802151159	0.22476798935690478
med-SUMMARYCustomAlgos.tsv_max.txt	0.0018891468530749752	0.25286790106427626
mean-SUMMARYCustomAlgos.tsv_max.txt	0.001741247855010402	0.2891824912434364
diff-SUMMARYCustomAlgos.tsv_min.txt	0.0016640590482755722	0.441422205012727
eigenLocal-SUMMARYCustomAlgos.tsv_var.txt	0.0016021230928506252	0.16342558075573388
mdiffs-SUMMARYDiffGlobal.tsv_q10.txt	0.0015684445471684284	0.168115576574567
mdiffs-SUMMARYDiffGlobal.tsv_q25.txt	0.0015317836430419225	0.168115576574567
mdiffs-SUMMARYDiffGlobal.tsv_q90.txt	0.0014824446690586842	0.168115576574567
mean-SUMMARYCustomAlgos.tsv_std.txt	0.0014485192535677917	0.1439879051697588
max-SUMMARYCustomAlgos.tsv_mean.txt	0.0014354798861775401	0.32173138820934133
max-SUMMARYCustomAlgos.tsv_q10.txt	0.0014294162909222964	0.30811459734176116
globalMean-SUMMARYDiffGlobal.tsv_mean.txt	0.001421390157672461	0.3672428132837444
mean-SUMMARYCustomAlgos.tsv_q90.txt	0.00136847750460356	0.22167074299281353
mdiffs-SUMMARYDiffGlobal.tsv_q75.txt	0.0013295304562023482	0.168115576574567
mdiffs-SUMMARYDiffGlobal.tsv_mean.txt	0.0013227001903098076	0.168115576574567
max-SUMMARYCustomAlgos.tsv_var.txt	0.0012939642803708202	0.3856702077079328
mdiffs-SUMMARYDiffGlobal.tsv_median.txt	0.0012712006343488403	0.168115576574567
eigen-SUMMARYDiffGlobal.tsv_q10.txt	0.0012491576161567273	0.388507543128898
mean-SUMMARYCustomAlgos.tsv_var.txt	0.0012128269816735853	0.1446251781388881
globalMean-SUMMARYDiffGlobal.tsv_min.txt	0.0012101938903078138	0.3672428132837444
eigenLocal-SUMMARYCustomAlgos.tsv_mean.txt	0.0012005454436872418	0.388507543128898
eigen-SUMMARYDiffGlobal.tsv_min.txt	0.0011816274265143527	0.388507543128898
max-SUMMARYCustomAlgos.tsv_min.txt	0.001167791835438908	0.3949819187581225
eigenLocal-SUMMARYCustomAlgos.tsv_q90.txt	0.001155944023391915	0.24510801458582598
globalMean-SUMMARYDiffGlobal.tsv_q90.txt	0.001146955077404775	0.3672428132837444
mdiffs-SUMMARYDiffGlobal.tsv_min.txt	0.001111891788476554	0.168115576574567
mdiffs-SUMMARYDiffGlobal.tsv_max.txt	0.0011029232562936322	0.168115576574567
eigen-SUMMARYDiffGlobal.tsv_q25.txt	0.0010728118116293728	0.388507543128898
globalMean-SUMMARYDiffGlobal.tsv_q75.txt	0.0010479343106626062	0.3672428132837444
globalMean-SUMMARYDiffGlobal.tsv_max.txt	0.001030237743608581	0.3672428132837444
max-SUMMARYCustomAlgos.tsv_std.txt	0.0010261721158102049	0.3835042970328004
eigen-SUMMARYDiffGlobal.tsv_max.txt	0.0010175372386672314	0.388507543128898
eigen-SUMMARYDiffGlobal.tsv_q90.txt	0.0010041122657988798	0.388507543128898
globalMean-SUMMARYDiffGlobal.tsv_q25.txt	0.0009340538869802966	0.3672428132837444
globalMean-SUMMARYDiffGlobal.tsv_q10.txt	0.0009135559642889748	0.3672428132837444
eigenLocal-SUMMARYCustomAlgos.tsv_std.txt	0.0008944093919402525	0.16250094044485452
mean-SUMMARYCustomAlgos.tsv_mean.txt	0.0008271414473919771	0.3672428132837444
eigen-SUMMARYDiffGlobal.tsv_mean.txt	0.0008132436063828991	0.388507543128898
eigen-SUMMARYDiffGlobal.tsv_q75.txt	0.000811486790085397	0.388507543128898
eigen-SUMMARYDiffGlobal.tsv_median.txt	0.0008074704762016881	0.388507543128898
globalMean-SUMMARYDiffGlobal.tsv_median.txt	0.0007539103783212228	0.3672428132837444
max-SUMMARYCustomAlgos.tsv_q75.txt	0.0006005709136125769	0.058980099781123396
max-SUMMARYCustomAlgos.tsv_max.txt	0.00017278940776495252	0.032174256805543866
max-SUMMARYCustomAlgos.tsv_q90.txt	0.00016765818836077053	0.0652777949372001
Unnamed: 0-SUMMARYDiffGlobal.tsv_q90.txt	0.0	0.0
Unnamed: 0-SUMMARYDiffGlobal.tsv_mean.txt	0.0	0.0
Unnamed: 0-SUMMARYDiffGlobal.tsv_q75.txt	0.0	0.0
Unnamed: 0-SUMMARYDiffGlobal.tsv_q25.txt	0.0	0.0
Unnamed: 0-SUMMARYDiffGlobal.tsv_std.txt	0.0	0.026107987072711225
Unnamed: 0-SUMMARYDiffGlobal.tsv_var.txt	0.0	0.0
Unnamed: 0.1-SUMMARYCustomAlgos.tsv_max.txt	0.0	0.0
Unnamed: 0.1-SUMMARYCustomAlgos.tsv_mean.txt	0.0	0.013329645990884043
Unnamed: 0-SUMMARYDiffGlobal.tsv_q10.txt	0.0	0.00027974128601870873
Unnamed: 0-SUMMARYDiffGlobal.tsv_min.txt	0.0	0.0
Unnamed: 0-SUMMARYDiffGlobal.tsv_median.txt	0.0	0.0
Unnamed: 0-SUMMARYCustomAlgos.tsv_median.txt	0.0	0.029264304665359564
mindiffs-SUMMARYDiffGlobal.tsv_std.txt	0.0	0.0
mindiffs-SUMMARYDiffGlobal.tsv_var.txt	0.0	0.013033355637303679
Unnamed: 0-SUMMARYDiffGlobal.tsv_max.txt	0.0	0.0036056093965468605
Unnamed: 0-SUMMARYCustomAlgos.tsv_var.txt	0.0	0.0
Unnamed: 0-SUMMARYCustomAlgos.tsv_std.txt	0.0	0.0
Unnamed: 0.1-SUMMARYCustomAlgos.tsv_min.txt	0.0	0.0
Unnamed: 0-SUMMARYCustomAlgos.tsv_q90.txt	0.0	0.05692986883547935
Unnamed: 0-SUMMARYCustomAlgos.tsv_q75.txt	0.0	0.004277964907383858
Unnamed: 0-SUMMARYCustomAlgos.tsv_q25.txt	0.0	0.014762938864360198
Unnamed: 0-SUMMARYCustomAlgos.tsv_q10.txt	0.0	0.0
Unnamed: 0-SUMMARYCustomAlgos.tsv_min.txt	0.0	0.0
Unnamed: 0.1-SUMMARYCustomAlgos.tsv_median.txt	0.0	0.006947665268446812
Unnamed: 0.1-SUMMARYDiffGlobal.tsv_min.txt	0.0	0.0
Unnamed: 0.1-SUMMARYCustomAlgos.tsv_q10.txt	0.0	0.0
Unnamed: 0.1-SUMMARYDiffGlobal.tsv_q90.txt	0.0	0.01897303582364085
maxdiffs-SUMMARYDiffGlobal.tsv_std.txt	0.0	0.016632852832060507
mdiffs-SUMMARYDiffGlobal.tsv_std.txt	0.0	0.0
mdiffs-SUMMARYDiffGlobal.tsv_var.txt	0.0	0.031691173158503894
eigen-SUMMARYDiffGlobal.tsv_var.txt	0.0	0.0018967579409863156
eigen-SUMMARYDiffGlobal.tsv_std.txt	0.0	0.023774246039460323
Unnamed: 0-SUMMARYCustomAlgos.tsv_mean.txt	0.0	0.03628520428266091
globalMean-SUMMARYDiffGlobal.tsv_std.txt	0.0	0.01958758071868072
globalMean-SUMMARYDiffGlobal.tsv_var.txt	0.0	0.008942015738099496
Unnamed: 0.1-SUMMARYDiffGlobal.tsv_var.txt	0.0	0.0
Unnamed: 0.1-SUMMARYDiffGlobal.tsv_std.txt	0.0	0.0
Unnamed: 0.1-SUMMARYDiffGlobal.tsv_q75.txt	0.0	0.01854145689759834
Unnamed: 0.1-SUMMARYCustomAlgos.tsv_q25.txt	0.0	0.0
Unnamed: 0.1-SUMMARYDiffGlobal.tsv_q25.txt	0.0	0.00030385610388750095
Unnamed: 0.1-SUMMARYDiffGlobal.tsv_q10.txt	0.0	0.0
maxdiffs-SUMMARYDiffGlobal.tsv_var.txt	0.0	0.0
Unnamed: 0.1-SUMMARYDiffGlobal.tsv_median.txt	0.0	0.01626632329102451
Unnamed: 0.1-SUMMARYDiffGlobal.tsv_mean.txt	0.0	0.0
Unnamed: 0.1-SUMMARYDiffGlobal.tsv_max.txt	0.0	0.0
Unnamed: 0.1-SUMMARYCustomAlgos.tsv_var.txt	0.0	0.0035047644374675
Unnamed: 0.1-SUMMARYCustomAlgos.tsv_std.txt	0.0	0.03163662240393439
Unnamed: 0.1-SUMMARYCustomAlgos.tsv_q90.txt	0.0	0.0
Unnamed: 0.1-SUMMARYCustomAlgos.tsv_q75.txt	0.0	0.001627360016075663
Unnamed: 0-SUMMARYCustomAlgos.tsv_max.txt	0.0	0.0
