model;mean accuracy;std accuracy
bagging;0.91875;0.23377005261581305


group	name	true	predicted	decision makers
('L628', 'C03')	12042023_s_Lm_st_L628_p_C03_pos002_tm_24_ch_Syto9_z_21_	L628	L394	[('Min-SUMMARYvol3D.tsv_q75.txt', 8.846501134796046), ('Min-SUMMARYvol3D.tsv_q90.txt', 8.679210080284676), ('Mean-SUMMARYvol3D.tsv_q90.txt', 3.156547194874997), ('Max-SUMMARYvol3D.tsv_q90.txt', 2.460939573479693), ('Mean-SUMMARYvol3D.tsv_q75.txt', 2.363767563836335), ('Volume(Pix)-SUMMARYvol3D.tsv_var.txt', 1.9472466142349372), (' -SUMMARYvol3D.tsv_q75.txt', 1.6701672078235155), ('Mean-SUMMARYvol3D.tsv_median.txt', 1.5584341285986147), ('Unnamed: 0-SUMMARYvol3D.tsv_mean.txt', 1.476667560205084), ('Unnamed: 0-SUMMARYvol3D.tsv_median.txt', 1.4577381397717197), ('Min-SUMMARYvol3D.tsv_median.txt', 1.4320816807874188), ('Volume(Unit)-SUMMARYvol3D.tsv_std.txt', 1.374300961545898), ('SurfaceNbPix-SUMMARYsurf3D.tsv_max.txt', 1.1553575271694423), (' -SUMMARYvol3D.tsv_mean.txt', 1.065770469625953), ('Unnamed: 0-SUMMARYvol3D.tsv_q75.txt', 1.0612053755735165), ('Volume(Pix)-SUMMARYvol3D.tsv_std.txt', 1.0561588418895687), ('Unnamed: 0-SUMMARYvol3D.tsv_max.txt', 1.0292194727175639), ('Surface(Unit)-SUMMARYsurf3D.tsv_max.txt', 0.9686532563696779), ('Max-SUMMARYvol3D.tsv_q75.txt', 0.9295216397287563), ('Volume(Unit)-SUMMARYvol3D.tsv_mean.txt', 0.9146509863443156), ('Unnamed: 0-SUMMARYvol3D.tsv_std.txt', 0.900878146815375), (' -SUMMARYvol3D.tsv_max.txt', 0.8828714383483117), (' -SUMMARYvol3D.tsv_q90.txt', 0.776284949300466), ('Unnamed: 0-SUMMARYvol3D.tsv_q10.txt', 0.7684164434667403), (' -SUMMARYvol3D.tsv_q25.txt', 0.7648820204934984), ('Volume(Pix)-SUMMARYvol3D.tsv_max.txt', 0.7231993644487735), ('Volume(Unit)-SUMMARYvol3D.tsv_max.txt', 0.6983745105036597), (' -SUMMARYvol3D.tsv_q10.txt', 0.6315147702818922), ('Surface(Unit)-SUMMARYsurf3D.tsv_q90.txt', 0.625442701435198), ('Unnamed: 0-SUMMARYvol3D.tsv_q90.txt', 0.6131452375122655), (' -SUMMARYvol3D.tsv_median.txt', 0.6108008041480794), ('Volume(Pix)-SUMMARYvol3D.tsv_mean.txt', 0.6106831461094262), (' -SUMMARYvol3D.tsv_std.txt', 0.6060420283514698), ('Volume(Unit)-SUMMARYvol3D.tsv_var.txt', 0.6048607608605706), ('Sphericity(Pix)-SUMMARYcompactness3D.tsv_q10.txt', 0.4824793547956794), ('Unnamed: 0-SUMMARYvol3D.tsv_var.txt', 0.444964581007425), ('Unnamed: 0-SUMMARYvol3D.tsv_q25.txt', 0.44285855232479526), ('Surface(Pix)-SUMMARYsurf3D.tsv_q90.txt', 0.3256565752531266), ('Compactness(Pix)-SUMMARYcompactness3D.tsv_q10.txt', 0.32179839210008865), ('Area-SUMMARYvol3D.tsv_var.txt', 0.3001951617694203), ('Max-SUMMARYvol3D.tsv_median.txt', 0.2971067726180262), (' -SUMMARYvol3D.tsv_var.txt', 0.29539161779671663), ('SurfaceNbPix-SUMMARYsurf3D.tsv_q90.txt', 0.2907881284026975), ('Compactness(Pix)-SUMMARYcompactness3D.tsv_min.txt', 0.2784131165170932), ('Min-SUMMARYvol3D.tsv_var.txt', 0.278405389445779), ('Sphericity(Unit)-SUMMARYcompactness3D.tsv_q10.txt', 0.20343510701616643), ('SpherCorr(Pix)-SUMMARYcompactness3D.tsv_q10.txt', 0.18620697879130393), ('Surface(Pix)-SUMMARYsurf3D.tsv_max.txt', 0.17281450815620364), ('LabelObj-SUMMARYvol3D.tsv_q75.txt', 0.16799490860305638), ('Compactness(Unit)-SUMMARYcompactness3D.tsv_q10.txt', 0.16574284611804838), ('Area-SUMMARYvol3D.tsv_std.txt', 0.16475067176544855), ('Volume(Unit)-SUMMARYvol3D.tsv_q90.txt', 0.161106209312612), ('Mean-SUMMARYvol3D.tsv_q25.txt', 0.16045394405324415), ('LabelObj-SUMMARYvol3D.tsv_mean.txt', 0.16037371731013975), ('Surface(Unit)-SUMMARYsurf3D.tsv_std.txt', 0.15625555555555556), ('Surface(Unit)-SUMMARYsurf3D.tsv_var.txt', 0.1472211720226843), ('Min-SUMMARYvol3D.tsv_std.txt', 0.14651733016800583), ('SurfaceCorr(Pix)-SUMMARYsurf3D.tsv_std.txt', 0.1462124952544313), ('Sphericity(Pix)-SUMMARYcompactness3D.tsv_min.txt', 0.14520960983209263), ('Compactness(Unit)-SUMMARYcompactness3D.tsv_min.txt', 0.14404674012855834), ('Compactness(Unit)-SUMMARYcompactness3D.tsv_q25.txt', 0.09813641820808808), ('Sphericity(Pix)-SUMMARYcompactness3D.tsv_q25.txt', 0.08496584976833477), ('SurfaceCorr(Pix)-SUMMARYsurf3D.tsv_q90.txt', 0.0606119713760672), ('SurfaceNbPix-SUMMARYsurf3D.tsv_q75.txt', 0.05567728198216423), ('SpherDiscrete(Pix)-SUMMARYcompactness3D.tsv_median.txt', 0.0499779437385453), ('Sphericity(Unit)-SUMMARYcompactness3D.tsv_q25.txt', 0.04700007650674593), ('CompactDiscrete(Pix)-SUMMARYcompactness3D.tsv_mean.txt', 0.04493373696980307), ('CompactCorr(Pix)-SUMMARYcompactness3D.tsv_q25.txt', 0.039919925018890745), ('SurfaceCorr(Pix)-SUMMARYsurf3D.tsv_q75.txt', 0.03927661595559939), ('Surface(Pix)-SUMMARYsurf3D.tsv_q75.txt', 0.035938345883890846), ('Max-SUMMARYvol3D.tsv_var.txt', 0.03586299197059768), ('Compactness(Pix)-SUMMARYcompactness3D.tsv_q25.txt', 0.03518224431818183), ('Surface(Unit)-SUMMARYsurf3D.tsv_q75.txt', 0.030115058465532467), ('SpherCorr(Pix)-SUMMARYcompactness3D.tsv_q25.txt', 0.028459976635976998), ('CompactCorr(Pix)-SUMMARYcompactness3D.tsv_q10.txt', 0.028099173553719006), ('SurfaceNbPix-SUMMARYsurf3D.tsv_std.txt', 0.02708312854442344), ('SpherDiscrete(Pix)-SUMMARYcompactness3D.tsv_mean.txt', 0.02625949256057639), ('SpherCorr(Pix)-SUMMARYcompactness3D.tsv_median.txt', 0.02436025191326531), ('Area-SUMMARYvol3D.tsv_q25.txt', 0.023931623931623926), ('CompactCorr(Pix)-SUMMARYcompactness3D.tsv_median.txt', 0.023207140658664208), ('SurfaceCorr(Pix)-SUMMARYsurf3D.tsv_mean.txt', 0.017422222222222224), ('Max-SUMMARYvol3D.tsv_mean.txt', 0.007174515235457058), ('SpherDiscrete(Pix)-SUMMARYcompactness3D.tsv_q90.txt', 0.006789940828402377), ('Min-SUMMARYvol3D.tsv_q10.txt', 0.006507936507936505)]
('L628', 'C03')	12042023_s_Lm_st_L628_p_C03_pos003_tm_24_ch_Syto9_z_21_	L628	L394	[('Min-SUMMARYvol3D.tsv_q75.txt', 8.846501134796046), ('Min-SUMMARYvol3D.tsv_q90.txt', 8.556426396098384), ('Mean-SUMMARYvol3D.tsv_q90.txt', 3.13746620313946), ('Max-SUMMARYvol3D.tsv_q90.txt', 2.460939573479693), ('Mean-SUMMARYvol3D.tsv_q75.txt', 2.363767563836335), ('Volume(Pix)-SUMMARYvol3D.tsv_var.txt', 1.9673647616829524), ('Mean-SUMMARYvol3D.tsv_median.txt', 1.5584341285986147), ('Unnamed: 0-SUMMARYvol3D.tsv_mean.txt', 1.476667560205084), ('Unnamed: 0-SUMMARYvol3D.tsv_median.txt', 1.4577381397717197), ('Min-SUMMARYvol3D.tsv_median.txt', 1.4320816807874188), ('Volume(Unit)-SUMMARYvol3D.tsv_std.txt', 1.374300961545898), (' -SUMMARYvol3D.tsv_q75.txt', 1.2304868153416626), ('SurfaceNbPix-SUMMARYsurf3D.tsv_max.txt', 1.1553575271694423), ('Volume(Pix)-SUMMARYvol3D.tsv_std.txt', 1.0798820316017255), ('Unnamed: 0-SUMMARYvol3D.tsv_q75.txt', 1.0612053755735165), ('Unnamed: 0-SUMMARYvol3D.tsv_max.txt', 1.0292194727175639), ('Surface(Unit)-SUMMARYsurf3D.tsv_max.txt', 0.9491832725946645), ('Unnamed: 0-SUMMARYvol3D.tsv_std.txt', 0.9323691190375972), ('Max-SUMMARYvol3D.tsv_q75.txt', 0.9295216397287563), (' -SUMMARYvol3D.tsv_mean.txt', 0.8870203012757845), (' -SUMMARYvol3D.tsv_q90.txt', 0.776284949300466), ('Volume(Unit)-SUMMARYvol3D.tsv_mean.txt', 0.7749539879552011), ('Unnamed: 0-SUMMARYvol3D.tsv_q10.txt', 0.7684164434667403), (' -SUMMARYvol3D.tsv_max.txt', 0.7513999306130678), ('Volume(Unit)-SUMMARYvol3D.tsv_max.txt', 0.7156893253184745), (' -SUMMARYvol3D.tsv_q25.txt', 0.6237181454629703), ('Volume(Pix)-SUMMARYvol3D.tsv_mean.txt', 0.6106831461094262), (' -SUMMARYvol3D.tsv_q10.txt', 0.6075247661169608), ('Volume(Pix)-SUMMARYvol3D.tsv_max.txt', 0.5654653178646561), ('Surface(Unit)-SUMMARYsurf3D.tsv_q90.txt', 0.49875806915223064), ('Sphericity(Pix)-SUMMARYcompactness3D.tsv_q10.txt', 0.4824793547956794), (' -SUMMARYvol3D.tsv_median.txt', 0.48058090295994826), (' -SUMMARYvol3D.tsv_std.txt', 0.47854172510930815), ('Unnamed: 0-SUMMARYvol3D.tsv_q25.txt', 0.47836646210163075), ('Unnamed: 0-SUMMARYvol3D.tsv_q90.txt', 0.47799737929422337), ('Volume(Unit)-SUMMARYvol3D.tsv_var.txt', 0.4622973379975166), ('Unnamed: 0-SUMMARYvol3D.tsv_var.txt', 0.444964581007425), ('Compactness(Pix)-SUMMARYcompactness3D.tsv_q10.txt', 0.32179839210008865), ('Surface(Pix)-SUMMARYsurf3D.tsv_q90.txt', 0.31448390673973786), (' -SUMMARYvol3D.tsv_var.txt', 0.3020548409372125), ('Area-SUMMARYvol3D.tsv_var.txt', 0.3001951617694203), ('Max-SUMMARYvol3D.tsv_median.txt', 0.2905882540995077), ('SurfaceNbPix-SUMMARYsurf3D.tsv_q90.txt', 0.27887407881592063), ('Compactness(Pix)-SUMMARYcompactness3D.tsv_min.txt', 0.2784131165170932), ('Min-SUMMARYvol3D.tsv_var.txt', 0.278405389445779), ('SpherCorr(Pix)-SUMMARYcompactness3D.tsv_q10.txt', 0.1804607591989305), ('Sphericity(Unit)-SUMMARYcompactness3D.tsv_q10.txt', 0.17454838826616642), ('Compactness(Unit)-SUMMARYcompactness3D.tsv_q10.txt', 0.16574284611804838), ('Area-SUMMARYvol3D.tsv_std.txt', 0.16475067176544855), ('LabelObj-SUMMARYvol3D.tsv_q75.txt', 0.16133125989323294), ('Volume(Unit)-SUMMARYvol3D.tsv_q90.txt', 0.161106209312612), ('LabelObj-SUMMARYvol3D.tsv_mean.txt', 0.16037371731013975), ('Surface(Unit)-SUMMARYsurf3D.tsv_std.txt', 0.15625555555555556), ('Surface(Pix)-SUMMARYsurf3D.tsv_max.txt', 0.15424307958477507), ('Mean-SUMMARYvol3D.tsv_q25.txt', 0.14847477738657747), ('Surface(Unit)-SUMMARYsurf3D.tsv_var.txt', 0.1472211720226843), ('Min-SUMMARYvol3D.tsv_std.txt', 0.14651733016800583), ('SurfaceCorr(Pix)-SUMMARYsurf3D.tsv_std.txt', 0.1462124952544313), ('Sphericity(Pix)-SUMMARYcompactness3D.tsv_min.txt', 0.14520960983209263), ('Compactness(Unit)-SUMMARYcompactness3D.tsv_min.txt', 0.14404674012855834), ('Compactness(Unit)-SUMMARYcompactness3D.tsv_q25.txt', 0.09813641820808808), ('Sphericity(Pix)-SUMMARYcompactness3D.tsv_q25.txt', 0.08496584976833477), ('CompactDiscrete(Pix)-SUMMARYcompactness3D.tsv_mean.txt', 0.08262176202109342), ('SpherDiscrete(Pix)-SUMMARYcompactness3D.tsv_median.txt', 0.0499779437385453), ('SurfaceCorr(Pix)-SUMMARYsurf3D.tsv_q90.txt', 0.04137167565225499), ('CompactCorr(Pix)-SUMMARYcompactness3D.tsv_q25.txt', 0.039919925018890745), ('SpherDiscrete(Pix)-SUMMARYcompactness3D.tsv_mean.txt', 0.039424924659341824), ('SurfaceCorr(Pix)-SUMMARYsurf3D.tsv_q75.txt', 0.03927661595559939), ('Surface(Pix)-SUMMARYsurf3D.tsv_q75.txt', 0.035938345883890846), ('Compactness(Pix)-SUMMARYcompactness3D.tsv_q25.txt', 0.03518224431818183), ('SurfaceNbPix-SUMMARYsurf3D.tsv_q75.txt', 0.03404680850405813), ('Surface(Unit)-SUMMARYsurf3D.tsv_q75.txt', 0.030115058465532467), ('Max-SUMMARYvol3D.tsv_var.txt', 0.029799891833423475), ('CompactCorr(Pix)-SUMMARYcompactness3D.tsv_q10.txt', 0.028099173553719006), ('SurfaceNbPix-SUMMARYsurf3D.tsv_std.txt', 0.02708312854442344), ('CompactCorr(Pix)-SUMMARYcompactness3D.tsv_median.txt', 0.023207140658664208), ('SpherCorr(Pix)-SUMMARYcompactness3D.tsv_q25.txt', 0.022116262679806285), ('Sphericity(Unit)-SUMMARYcompactness3D.tsv_q25.txt', 0.022083824809145215), ('SpherDiscrete(Pix)-SUMMARYcompactness3D.tsv_q90.txt', 0.006789940828402377), ('CompactCorr(Pix)-SUMMARYcompactness3D.tsv_min.txt', 0.006581249999999994), ('Min-SUMMARYvol3D.tsv_q10.txt', 0.006507936507936505), ('SpherCorr(Pix)-SUMMARYcompactness3D.tsv_median.txt', 0.006489158163265309)]
('L628', 'C03')	12042023_s_Lm_st_L628_p_C03_pos004_tm_24_ch_Syto9_z_21_	L628	L394	[('Min-SUMMARYvol3D.tsv_q75.txt', 8.846501134796046), ('Min-SUMMARYvol3D.tsv_q90.txt', 8.679210080284676), ('Mean-SUMMARYvol3D.tsv_q90.txt', 3.156547194874997), ('Max-SUMMARYvol3D.tsv_q90.txt', 2.460939573479693), ('Mean-SUMMARYvol3D.tsv_q75.txt', 2.363767563836335), ('Volume(Pix)-SUMMARYvol3D.tsv_var.txt', 1.9472466142349372), (' -SUMMARYvol3D.tsv_q75.txt', 1.6701672078235155), ('Mean-SUMMARYvol3D.tsv_median.txt', 1.5584341285986147), ('Unnamed: 0-SUMMARYvol3D.tsv_median.txt', 1.4780982505750437), ('Unnamed: 0-SUMMARYvol3D.tsv_mean.txt', 1.476667560205084), ('Min-SUMMARYvol3D.tsv_median.txt', 1.4320816807874188), ('Volume(Unit)-SUMMARYvol3D.tsv_std.txt', 1.374300961545898), ('SurfaceNbPix-SUMMARYsurf3D.tsv_max.txt', 1.1553575271694423), (' -SUMMARYvol3D.tsv_mean.txt', 1.065770469625953), ('Unnamed: 0-SUMMARYvol3D.tsv_q75.txt', 1.0612053755735165), ('Volume(Pix)-SUMMARYvol3D.tsv_std.txt', 1.0485328375068075), ('Unnamed: 0-SUMMARYvol3D.tsv_max.txt', 1.0292194727175639), ('Surface(Unit)-SUMMARYsurf3D.tsv_max.txt', 0.9686532563696779), ('Max-SUMMARYvol3D.tsv_q75.txt', 0.9233026314642936), ('Volume(Unit)-SUMMARYvol3D.tsv_mean.txt', 0.9146509863443156), ('Unnamed: 0-SUMMARYvol3D.tsv_std.txt', 0.900878146815375), (' -SUMMARYvol3D.tsv_max.txt', 0.8828714383483117), (' -SUMMARYvol3D.tsv_q90.txt', 0.776284949300466), ('Unnamed: 0-SUMMARYvol3D.tsv_q10.txt', 0.7684164434667403), (' -SUMMARYvol3D.tsv_q25.txt', 0.7648820204934984), ('Volume(Pix)-SUMMARYvol3D.tsv_max.txt', 0.7231993644487735), ('Volume(Unit)-SUMMARYvol3D.tsv_max.txt', 0.6983745105036597), (' -SUMMARYvol3D.tsv_q10.txt', 0.6291250417954424), ('Surface(Unit)-SUMMARYsurf3D.tsv_q90.txt', 0.625442701435198), ('Unnamed: 0-SUMMARYvol3D.tsv_q90.txt', 0.6131452375122655), ('Volume(Pix)-SUMMARYvol3D.tsv_mean.txt', 0.6106831461094262), ('Volume(Unit)-SUMMARYvol3D.tsv_var.txt', 0.6048607608605706), (' -SUMMARYvol3D.tsv_std.txt', 0.5938932680208913), (' -SUMMARYvol3D.tsv_median.txt', 0.5928926408827733), ('Sphericity(Pix)-SUMMARYcompactness3D.tsv_q10.txt', 0.4824793547956794), ('Unnamed: 0-SUMMARYvol3D.tsv_var.txt', 0.444964581007425), ('Unnamed: 0-SUMMARYvol3D.tsv_q25.txt', 0.44285855232479526), ('Surface(Pix)-SUMMARYsurf3D.tsv_q90.txt', 0.3256565752531266), ('Compactness(Pix)-SUMMARYcompactness3D.tsv_q10.txt', 0.32179839210008865), ('Area-SUMMARYvol3D.tsv_var.txt', 0.3001951617694203), ('Max-SUMMARYvol3D.tsv_median.txt', 0.2971067726180262), (' -SUMMARYvol3D.tsv_var.txt', 0.29539161779671663), ('SurfaceNbPix-SUMMARYsurf3D.tsv_q90.txt', 0.2907881284026975), ('Compactness(Pix)-SUMMARYcompactness3D.tsv_min.txt', 0.2784131165170932), ('Min-SUMMARYvol3D.tsv_var.txt', 0.278405389445779), ('Sphericity(Unit)-SUMMARYcompactness3D.tsv_q10.txt', 0.20343510701616643), ('Surface(Pix)-SUMMARYsurf3D.tsv_max.txt', 0.17281450815620364), ('LabelObj-SUMMARYvol3D.tsv_q75.txt', 0.16799490860305638), ('SpherCorr(Pix)-SUMMARYcompactness3D.tsv_q10.txt', 0.16730811300680487), ('Compactness(Unit)-SUMMARYcompactness3D.tsv_q10.txt', 0.16574284611804838), ('Area-SUMMARYvol3D.tsv_std.txt', 0.16475067176544855), ('Volume(Unit)-SUMMARYvol3D.tsv_q90.txt', 0.161106209312612), ('Mean-SUMMARYvol3D.tsv_q25.txt', 0.16045394405324415), ('Surface(Unit)-SUMMARYsurf3D.tsv_std.txt', 0.15625555555555556), ('LabelObj-SUMMARYvol3D.tsv_mean.txt', 0.14823710756420055), ('Surface(Unit)-SUMMARYsurf3D.tsv_var.txt', 0.1472211720226843), ('Min-SUMMARYvol3D.tsv_std.txt', 0.14651733016800583), ('SurfaceCorr(Pix)-SUMMARYsurf3D.tsv_std.txt', 0.1462124952544313), ('Sphericity(Pix)-SUMMARYcompactness3D.tsv_min.txt', 0.14520960983209263), ('Compactness(Unit)-SUMMARYcompactness3D.tsv_min.txt', 0.14404674012855834), ('Compactness(Unit)-SUMMARYcompactness3D.tsv_q25.txt', 0.09813641820808808), ('Sphericity(Pix)-SUMMARYcompactness3D.tsv_q25.txt', 0.08496584976833477), ('SurfaceCorr(Pix)-SUMMARYsurf3D.tsv_q90.txt', 0.0606119713760672), ('SurfaceNbPix-SUMMARYsurf3D.tsv_q75.txt', 0.05567728198216423), ('SpherDiscrete(Pix)-SUMMARYcompactness3D.tsv_median.txt', 0.0499779437385453), ('Sphericity(Unit)-SUMMARYcompactness3D.tsv_q25.txt', 0.04700007650674593), ('CompactDiscrete(Pix)-SUMMARYcompactness3D.tsv_mean.txt', 0.04493373696980307), ('CompactCorr(Pix)-SUMMARYcompactness3D.tsv_q25.txt', 0.039919925018890745), ('SurfaceCorr(Pix)-SUMMARYsurf3D.tsv_q75.txt', 0.03927661595559939), ('Surface(Pix)-SUMMARYsurf3D.tsv_q75.txt', 0.035938345883890846), ('Compactness(Pix)-SUMMARYcompactness3D.tsv_q25.txt', 0.03518224431818183), ('SpherCorr(Pix)-SUMMARYcompactness3D.tsv_q25.txt', 0.028459976635976998), ('CompactCorr(Pix)-SUMMARYcompactness3D.tsv_q10.txt', 0.028099173553719006), ('SpherCorr(Pix)-SUMMARYcompactness3D.tsv_median.txt', 0.02436025191326531), ('Area-SUMMARYvol3D.tsv_q25.txt', 0.023931623931623926), ('SurfaceCorr(Pix)-SUMMARYsurf3D.tsv_mean.txt', 0.023288888888888894), ('CompactCorr(Pix)-SUMMARYcompactness3D.tsv_median.txt', 0.023207140658664208), ('LabelObj-SUMMARYvol3D.tsv_var.txt', 0.02267654320987654), ('Surface(Unit)-SUMMARYsurf3D.tsv_q75.txt', 0.017374317724791727), ('SurfaceNbPix-SUMMARYsurf3D.tsv_std.txt', 0.013774999999999996), ('Max-SUMMARYvol3D.tsv_mean.txt', 0.007174515235457058), ('SpherDiscrete(Pix)-SUMMARYcompactness3D.tsv_q90.txt', 0.006789940828402377), ('SpherDiscrete(Pix)-SUMMARYcompactness3D.tsv_mean.txt', 0.00659262759924385), ('Max-SUMMARYvol3D.tsv_var.txt', 0.006063100137174209)]
('L628', 'C03')	12042023_s_Lm_st_L628_p_C03_pos005_tm_24_ch_Syto9_z_21_	L628	L394	[('Min-SUMMARYvol3D.tsv_q75.txt', 8.846501134796046), ('Min-SUMMARYvol3D.tsv_q90.txt', 8.556426396098384), ('Mean-SUMMARYvol3D.tsv_q90.txt', 3.156547194874997), ('Max-SUMMARYvol3D.tsv_q90.txt', 2.460939573479693), ('Mean-SUMMARYvol3D.tsv_q75.txt', 2.363767563836335), ('Volume(Pix)-SUMMARYvol3D.tsv_var.txt', 1.9673647616829524), ('Mean-SUMMARYvol3D.tsv_median.txt', 1.5584341285986147), ('Unnamed: 0-SUMMARYvol3D.tsv_mean.txt', 1.476667560205084), ('Unnamed: 0-SUMMARYvol3D.tsv_median.txt', 1.4577381397717197), ('Min-SUMMARYvol3D.tsv_median.txt', 1.4320816807874188), ('Volume(Unit)-SUMMARYvol3D.tsv_std.txt', 1.374300961545898), (' -SUMMARYvol3D.tsv_q75.txt', 1.3694650746018273), ('SurfaceNbPix-SUMMARYsurf3D.tsv_max.txt', 1.1553575271694423), ('Volume(Pix)-SUMMARYvol3D.tsv_std.txt', 1.0798820316017255), ('Unnamed: 0-SUMMARYvol3D.tsv_q75.txt', 1.0612053755735165), ('Unnamed: 0-SUMMARYvol3D.tsv_max.txt', 1.0292194727175639), ('Surface(Unit)-SUMMARYsurf3D.tsv_max.txt', 0.9491832725946645), ('Unnamed: 0-SUMMARYvol3D.tsv_std.txt', 0.9323691190375972), ('Max-SUMMARYvol3D.tsv_q75.txt', 0.9295216397287563), (' -SUMMARYvol3D.tsv_mean.txt', 0.8870203012757845), (' -SUMMARYvol3D.tsv_q90.txt', 0.776284949300466), ('Volume(Unit)-SUMMARYvol3D.tsv_mean.txt', 0.7749539879552011), ('Unnamed: 0-SUMMARYvol3D.tsv_q10.txt', 0.7684164434667403), (' -SUMMARYvol3D.tsv_max.txt', 0.7513999306130678), ('Volume(Unit)-SUMMARYvol3D.tsv_max.txt', 0.7156893253184745), (' -SUMMARYvol3D.tsv_std.txt', 0.6290532052088005), (' -SUMMARYvol3D.tsv_q25.txt', 0.6237181454629703), ('Volume(Pix)-SUMMARYvol3D.tsv_mean.txt', 0.6106831461094262), (' -SUMMARYvol3D.tsv_q10.txt', 0.6075247661169608), ('Volume(Unit)-SUMMARYvol3D.tsv_var.txt', 0.6048607608605706), ('Volume(Pix)-SUMMARYvol3D.tsv_max.txt', 0.5654653178646561), ('Surface(Unit)-SUMMARYsurf3D.tsv_q90.txt', 0.49875806915223064), (' -SUMMARYvol3D.tsv_median.txt', 0.49008208887295934), ('Sphericity(Pix)-SUMMARYcompactness3D.tsv_q10.txt', 0.4824793547956794), ('Unnamed: 0-SUMMARYvol3D.tsv_q25.txt', 0.47836646210163075), ('Unnamed: 0-SUMMARYvol3D.tsv_q90.txt', 0.47799737929422337), ('Unnamed: 0-SUMMARYvol3D.tsv_var.txt', 0.444964581007425), ('Surface(Pix)-SUMMARYsurf3D.tsv_q90.txt', 0.3256565752531266), ('Compactness(Pix)-SUMMARYcompactness3D.tsv_q10.txt', 0.32179839210008865), (' -SUMMARYvol3D.tsv_var.txt', 0.3020548409372125), ('Area-SUMMARYvol3D.tsv_var.txt', 0.3001951617694203), ('Max-SUMMARYvol3D.tsv_median.txt', 0.2905882540995077), ('SurfaceNbPix-SUMMARYsurf3D.tsv_q90.txt', 0.27887407881592063), ('Compactness(Pix)-SUMMARYcompactness3D.tsv_min.txt', 0.2784131165170932), ('Min-SUMMARYvol3D.tsv_var.txt', 0.278405389445779), ('SpherCorr(Pix)-SUMMARYcompactness3D.tsv_q10.txt', 0.1804607591989305), ('Sphericity(Unit)-SUMMARYcompactness3D.tsv_q10.txt', 0.17454838826616642), ('Compactness(Unit)-SUMMARYcompactness3D.tsv_q10.txt', 0.16574284611804838), ('Area-SUMMARYvol3D.tsv_std.txt', 0.16475067176544855), ('LabelObj-SUMMARYvol3D.tsv_q75.txt', 0.16133125989323294), ('Volume(Unit)-SUMMARYvol3D.tsv_q90.txt', 0.161106209312612), ('LabelObj-SUMMARYvol3D.tsv_mean.txt', 0.16037371731013975), ('Surface(Unit)-SUMMARYsurf3D.tsv_std.txt', 0.15625555555555556), ('Surface(Pix)-SUMMARYsurf3D.tsv_max.txt', 0.15424307958477507), ('Mean-SUMMARYvol3D.tsv_q25.txt', 0.14847477738657747), ('Surface(Unit)-SUMMARYsurf3D.tsv_var.txt', 0.1472211720226843), ('Min-SUMMARYvol3D.tsv_std.txt', 0.14651733016800583), ('SurfaceCorr(Pix)-SUMMARYsurf3D.tsv_std.txt', 0.1462124952544313), ('Sphericity(Pix)-SUMMARYcompactness3D.tsv_min.txt', 0.14520960983209263), ('Compactness(Unit)-SUMMARYcompactness3D.tsv_min.txt', 0.14404674012855834), ('Compactness(Unit)-SUMMARYcompactness3D.tsv_q25.txt', 0.09813641820808808), ('Sphericity(Pix)-SUMMARYcompactness3D.tsv_q25.txt', 0.08496584976833477), ('CompactDiscrete(Pix)-SUMMARYcompactness3D.tsv_mean.txt', 0.08262176202109342), ('SpherDiscrete(Pix)-SUMMARYcompactness3D.tsv_median.txt', 0.0499779437385453), ('SurfaceCorr(Pix)-SUMMARYsurf3D.tsv_q90.txt', 0.04836707341688352), ('CompactCorr(Pix)-SUMMARYcompactness3D.tsv_q25.txt', 0.039919925018890745), ('SpherDiscrete(Pix)-SUMMARYcompactness3D.tsv_mean.txt', 0.039424924659341824), ('SurfaceCorr(Pix)-SUMMARYsurf3D.tsv_q75.txt', 0.03927661595559939), ('Surface(Pix)-SUMMARYsurf3D.tsv_q75.txt', 0.035938345883890846), ('Compactness(Pix)-SUMMARYcompactness3D.tsv_q25.txt', 0.03518224431818183), ('SurfaceNbPix-SUMMARYsurf3D.tsv_q75.txt', 0.03404680850405813), ('Surface(Unit)-SUMMARYsurf3D.tsv_q75.txt', 0.030115058465532467), ('Max-SUMMARYvol3D.tsv_var.txt', 0.029799891833423475), ('SpherCorr(Pix)-SUMMARYcompactness3D.tsv_q25.txt', 0.028459976635976998), ('CompactCorr(Pix)-SUMMARYcompactness3D.tsv_q10.txt', 0.028099173553719006), ('SurfaceNbPix-SUMMARYsurf3D.tsv_std.txt', 0.02708312854442344), ('CompactCorr(Pix)-SUMMARYcompactness3D.tsv_median.txt', 0.023207140658664208), ('Sphericity(Unit)-SUMMARYcompactness3D.tsv_q25.txt', 0.022083824809145215), ('SpherDiscrete(Pix)-SUMMARYcompactness3D.tsv_q90.txt', 0.006789940828402377), ('CompactCorr(Pix)-SUMMARYcompactness3D.tsv_min.txt', 0.006581249999999994), ('Min-SUMMARYvol3D.tsv_q10.txt', 0.006507936507936505), ('SpherCorr(Pix)-SUMMARYcompactness3D.tsv_median.txt', 0.006489158163265309)]
('L628', 'C04')	12042023_s_Lm_st_L628_p_C04_pos001_tm_24_ch_Syto9_z_21_	L628	L394	[('Min-SUMMARYvol3D.tsv_q90.txt', 10.421524479913195), ('Min-SUMMARYvol3D.tsv_q75.txt', 10.318289155719686), ('Mean-SUMMARYvol3D.tsv_median.txt', 2.3921529914919346), ('Mean-SUMMARYvol3D.tsv_q90.txt', 1.9860936278726133), ('Mean-SUMMARYvol3D.tsv_q75.txt', 1.713158868375497), ('Unnamed: 0-SUMMARYvol3D.tsv_median.txt', 1.704172909866411), ('Max-SUMMARYvol3D.tsv_q75.txt', 1.5897674446595529), ('SpherDiscrete(Pix)-SUMMARYcompactness3D.tsv_q75.txt', 1.543408267617591), ('Volume(Pix)-SUMMARYvol3D.tsv_var.txt', 1.4573185165096953), ('Volume(Pix)-SUMMARYvol3D.tsv_std.txt', 1.3923747195724407), (' -SUMMARYvol3D.tsv_q75.txt', 1.3563051174158687), (' -SUMMARYvol3D.tsv_max.txt', 1.265074400960486), ('Volume(Pix)-SUMMARYvol3D.tsv_mean.txt', 1.2153842501360659), ('Unnamed: 0-SUMMARYvol3D.tsv_mean.txt', 1.1918876639823357), ('Unnamed: 0-SUMMARYvol3D.tsv_q75.txt', 1.1225217866153603), ('CompactDiscrete(Pix)-SUMMARYcompactness3D.tsv_mean.txt', 1.1057960563837856), ('Volume(Unit)-SUMMARYvol3D.tsv_std.txt', 1.0424715592486515), (' -SUMMARYvol3D.tsv_q90.txt', 1.041739163872528), ('Unnamed: 0-SUMMARYvol3D.tsv_std.txt', 1.0364067938447594), (' -SUMMARYvol3D.tsv_var.txt', 1.0290598140066491), (' -SUMMARYvol3D.tsv_mean.txt', 1.0140896645065234), ('Volume(Unit)-SUMMARYvol3D.tsv_mean.txt', 0.99651049239645), ('Unnamed: 0-SUMMARYvol3D.tsv_q90.txt', 0.9687999493406927), ('Unnamed: 0-SUMMARYvol3D.tsv_q10.txt', 0.8799969960425775), ('Unnamed: 0-SUMMARYvol3D.tsv_max.txt', 0.8590311240894292), ('Volume(Unit)-SUMMARYvol3D.tsv_var.txt', 0.8326100863699294), (' -SUMMARYvol3D.tsv_median.txt', 0.7498371853917687), (' -SUMMARYvol3D.tsv_q25.txt', 0.7454351743842623), (' -SUMMARYvol3D.tsv_std.txt', 0.7441700975606675), ('Surface(Unit)-SUMMARYsurf3D.tsv_max.txt', 0.7110779971336392), (' -SUMMARYvol3D.tsv_q10.txt', 0.709005149973708), ('Mean-SUMMARYvol3D.tsv_mean.txt', 0.7057310443613928), ('Unnamed: 0-SUMMARYvol3D.tsv_var.txt', 0.7010733054035014), ('SpherCorr(Pix)-SUMMARYcompactness3D.tsv_q10.txt', 0.6679904584048921), ('SpherDiscrete(Pix)-SUMMARYcompactness3D.tsv_q90.txt', 0.5842148043893198), ('SurfaceNbPix-SUMMARYsurf3D.tsv_max.txt', 0.5732712395727441), ('CompactCorr(Pix)-SUMMARYcompactness3D.tsv_q10.txt', 0.5696070798121605), ('LabelObj-SUMMARYvol3D.tsv_q75.txt', 0.47047075841017116), ('Volume(Unit)-SUMMARYvol3D.tsv_max.txt', 0.4664004770558033), ('Max-SUMMARYvol3D.tsv_q90.txt', 0.4421000820561751), ('Max-SUMMARYvol3D.tsv_median.txt', 0.4326594831178534), ('CompactDiscrete(Pix)-SUMMARYcompactness3D.tsv_q90.txt', 0.32755000233679976), ('Min-SUMMARYvol3D.tsv_var.txt', 0.3133204416666907), ('SpherDiscrete(Pix)-SUMMARYcompactness3D.tsv_median.txt', 0.2547665760013923), ('Surface(Unit)-SUMMARYsurf3D.tsv_mean.txt', 0.2039379761013824), ('Surface(Pix)-SUMMARYsurf3D.tsv_max.txt', 0.17046080330256203), ('Volume(Pix)-SUMMARYvol3D.tsv_max.txt', 0.16450455867412206), ('Volume(Unit)-SUMMARYvol3D.tsv_q90.txt', 0.15398971493359248), ('Volume(Pix)-SUMMARYvol3D.tsv_q90.txt', 0.14982387231317654), ('Unnamed: 0-SUMMARYvol3D.tsv_q25.txt', 0.1492357673006838), ('SurfaceCorr(Pix)-SUMMARYsurf3D.tsv_var.txt', 0.14631435524975164), ('Sphericity(Pix)-SUMMARYcompactness3D.tsv_min.txt', 0.1423828125), ('Max-SUMMARYvol3D.tsv_std.txt', 0.14234332839043237), ('Mean-SUMMARYvol3D.tsv_std.txt', 0.1421568785305049), ('Compactness(Unit)-SUMMARYcompactness3D.tsv_min.txt', 0.13636427530195752), ('Min-SUMMARYvol3D.tsv_std.txt', 0.13449021374046832), ('SurfaceCorr(Pix)-SUMMARYsurf3D.tsv_q90.txt', 0.12572679588430036), ('Surface(Pix)-SUMMARYsurf3D.tsv_mean.txt', 0.08413562884092401), ('Surface(Unit)-SUMMARYsurf3D.tsv_q90.txt', 0.07108667313151619), ('CompactCorr(Pix)-SUMMARYcompactness3D.tsv_q25.txt', 0.051977883642045156), ('CompactCorr(Pix)-SUMMARYcompactness3D.tsv_min.txt', 0.043741548017544124), ('LabelObj-SUMMARYvol3D.tsv_mean.txt', 0.035466666666666674), ('SurfaceNbPix-SUMMARYsurf3D.tsv_q10.txt', 0.03259259259259259), ('Mean-SUMMARYvol3D.tsv_var.txt', 0.030087463556851313), ('SpherCorr(Pix)-SUMMARYcompactness3D.tsv_min.txt', 0.029817435383911392), (' -SUMMARYsurf3D.tsv_var.txt', 0.028459821428571428), ('SurfaceNbPix-SUMMARYsurf3D.tsv_mean.txt', 0.02698875468554768), ('SurfaceNbPix-SUMMARYsurf3D.tsv_q90.txt', 0.024952066115702477), ('Sphericity(Unit)-SUMMARYcompactness3D.tsv_var.txt', 0.02324031653477717), ('Area-SUMMARYvol3D.tsv_std.txt', 0.0230111768573307), ('Surface(Pix)-SUMMARYsurf3D.tsv_q75.txt', 0.022358824942555644), ('Area-SUMMARYvol3D.tsv_mean.txt', 0.022080000000000002), ('Sphericity(Pix)-SUMMARYcompactness3D.tsv_var.txt', 0.016055363321799312), ('Sphericity(Unit)-SUMMARYcompactness3D.tsv_q10.txt', 0.013920285544318855), ('Min-SUMMARYvol3D.tsv_median.txt', 0.013702623906705536), ('Sphericity(Unit)-SUMMARYcompactness3D.tsv_q90.txt', 0.012810457516339873), ('Sphericity(Pix)-SUMMARYcompactness3D.tsv_q75.txt', 0.012573964497041427), ('Surface(Pix)-SUMMARYsurf3D.tsv_q10.txt', 0.012188365650969533), ('Unnamed: 0-SUMMARYcompactness3D.tsv_q75.txt', 0.0110991668906208), ('SpherDiscrete(Pix)-SUMMARYcompactness3D.tsv_std.txt', 0.006664000000000002), ('SurfaceNbPix-SUMMARYsurf3D.tsv_q75.txt', 0.006518518518518523), ('Compactness(Pix)-SUMMARYcompactness3D.tsv_q75.txt', 0.0058468934911242686)]
('L628', 'C04')	12042023_s_Lm_st_L628_p_C04_pos002_tm_24_ch_Syto9_z_21_	L628	L394	[('Min-SUMMARYvol3D.tsv_q75.txt', 10.318289155719686), ('Min-SUMMARYvol3D.tsv_q90.txt', 10.28439755429336), ('Mean-SUMMARYvol3D.tsv_median.txt', 2.3921529914919346), ('Mean-SUMMARYvol3D.tsv_q90.txt', 1.9860936278726133), ('Mean-SUMMARYvol3D.tsv_q75.txt', 1.713158868375497), ('Unnamed: 0-SUMMARYvol3D.tsv_median.txt', 1.704172909866411), ('Max-SUMMARYvol3D.tsv_q75.txt', 1.5897674446595529), ('SpherDiscrete(Pix)-SUMMARYcompactness3D.tsv_q75.txt', 1.5067127034415073), ('Volume(Pix)-SUMMARYvol3D.tsv_var.txt', 1.4573185165096953), ('Volume(Pix)-SUMMARYvol3D.tsv_std.txt', 1.3923747195724407), (' -SUMMARYvol3D.tsv_q75.txt', 1.3563051174158687), (' -SUMMARYvol3D.tsv_max.txt', 1.265074400960486), ('Volume(Pix)-SUMMARYvol3D.tsv_mean.txt', 1.2153842501360659), ('Unnamed: 0-SUMMARYvol3D.tsv_mean.txt', 1.1918876639823357), ('Unnamed: 0-SUMMARYvol3D.tsv_q75.txt', 1.1225217866153603), ('CompactDiscrete(Pix)-SUMMARYcompactness3D.tsv_mean.txt', 1.1057960563837856), ('Volume(Unit)-SUMMARYvol3D.tsv_std.txt', 1.0424715592486515), (' -SUMMARYvol3D.tsv_q90.txt', 1.041739163872528), ('Unnamed: 0-SUMMARYvol3D.tsv_std.txt', 1.0364067938447594), (' -SUMMARYvol3D.tsv_var.txt', 1.0290598140066491), (' -SUMMARYvol3D.tsv_mean.txt', 1.0140896645065234), ('Volume(Unit)-SUMMARYvol3D.tsv_mean.txt', 0.99651049239645), ('Unnamed: 0-SUMMARYvol3D.tsv_q90.txt', 0.9687999493406927), ('Unnamed: 0-SUMMARYvol3D.tsv_q10.txt', 0.8799969960425775), ('Unnamed: 0-SUMMARYvol3D.tsv_max.txt', 0.8590311240894292), ('Volume(Unit)-SUMMARYvol3D.tsv_var.txt', 0.8326100863699294), (' -SUMMARYvol3D.tsv_median.txt', 0.7498371853917687), (' -SUMMARYvol3D.tsv_q25.txt', 0.7454351743842623), (' -SUMMARYvol3D.tsv_std.txt', 0.7441700975606675), ('Surface(Unit)-SUMMARYsurf3D.tsv_max.txt', 0.7110779971336392), (' -SUMMARYvol3D.tsv_q10.txt', 0.709005149973708), ('Mean-SUMMARYvol3D.tsv_mean.txt', 0.7057310443613928), ('Unnamed: 0-SUMMARYvol3D.tsv_var.txt', 0.7010733054035014), ('SpherCorr(Pix)-SUMMARYcompactness3D.tsv_q10.txt', 0.6679904584048921), ('SpherDiscrete(Pix)-SUMMARYcompactness3D.tsv_q90.txt', 0.5842148043893198), ('SurfaceNbPix-SUMMARYsurf3D.tsv_max.txt', 0.5732712395727441), ('CompactCorr(Pix)-SUMMARYcompactness3D.tsv_q10.txt', 0.5696070798121605), ('LabelObj-SUMMARYvol3D.tsv_q75.txt', 0.47047075841017116), ('Volume(Unit)-SUMMARYvol3D.tsv_max.txt', 0.4664004770558033), ('Max-SUMMARYvol3D.tsv_q90.txt', 0.4421000820561751), ('Max-SUMMARYvol3D.tsv_median.txt', 0.4326594831178534), ('CompactDiscrete(Pix)-SUMMARYcompactness3D.tsv_q90.txt', 0.32755000233679976), ('Min-SUMMARYvol3D.tsv_var.txt', 0.3133204416666907), ('SpherDiscrete(Pix)-SUMMARYcompactness3D.tsv_median.txt', 0.2547665760013923), ('Surface(Unit)-SUMMARYsurf3D.tsv_mean.txt', 0.2039379761013824), ('Surface(Pix)-SUMMARYsurf3D.tsv_max.txt', 0.17046080330256203), ('Volume(Pix)-SUMMARYvol3D.tsv_max.txt', 0.16450455867412206), ('Volume(Unit)-SUMMARYvol3D.tsv_q90.txt', 0.15398971493359248), ('Volume(Pix)-SUMMARYvol3D.tsv_q90.txt', 0.14982387231317654), ('Unnamed: 0-SUMMARYvol3D.tsv_q25.txt', 0.1492357673006838), ('SurfaceCorr(Pix)-SUMMARYsurf3D.tsv_var.txt', 0.14631435524975164), ('Sphericity(Pix)-SUMMARYcompactness3D.tsv_min.txt', 0.1423828125), ('Max-SUMMARYvol3D.tsv_std.txt', 0.14234332839043237), ('Mean-SUMMARYvol3D.tsv_std.txt', 0.1421568785305049), ('Compactness(Unit)-SUMMARYcompactness3D.tsv_min.txt', 0.13636427530195752), ('Min-SUMMARYvol3D.tsv_std.txt', 0.13449021374046832), ('SurfaceCorr(Pix)-SUMMARYsurf3D.tsv_q90.txt', 0.12572679588430036), ('Surface(Pix)-SUMMARYsurf3D.tsv_mean.txt', 0.08413562884092401), ('Surface(Unit)-SUMMARYsurf3D.tsv_q90.txt', 0.07108667313151619), ('CompactCorr(Pix)-SUMMARYcompactness3D.tsv_q25.txt', 0.051977883642045156), ('CompactCorr(Pix)-SUMMARYcompactness3D.tsv_min.txt', 0.043741548017544124), ('LabelObj-SUMMARYvol3D.tsv_mean.txt', 0.035466666666666674), ('SurfaceNbPix-SUMMARYsurf3D.tsv_q10.txt', 0.03259259259259259), ('Mean-SUMMARYvol3D.tsv_var.txt', 0.030087463556851313), ('SpherCorr(Pix)-SUMMARYcompactness3D.tsv_min.txt', 0.029817435383911392), (' -SUMMARYsurf3D.tsv_var.txt', 0.028459821428571428), ('SurfaceNbPix-SUMMARYsurf3D.tsv_mean.txt', 0.02698875468554768), ('SurfaceNbPix-SUMMARYsurf3D.tsv_q90.txt', 0.024952066115702477), ('Sphericity(Unit)-SUMMARYcompactness3D.tsv_var.txt', 0.02324031653477717), ('Area-SUMMARYvol3D.tsv_std.txt', 0.0230111768573307), ('Surface(Pix)-SUMMARYsurf3D.tsv_q75.txt', 0.022358824942555644), ('Area-SUMMARYvol3D.tsv_mean.txt', 0.022080000000000002), ('Sphericity(Pix)-SUMMARYcompactness3D.tsv_var.txt', 0.016055363321799312), ('Min-SUMMARYvol3D.tsv_median.txt', 0.013702623906705536), ('Sphericity(Unit)-SUMMARYcompactness3D.tsv_q90.txt', 0.012810457516339873), ('Sphericity(Pix)-SUMMARYcompactness3D.tsv_q75.txt', 0.012573964497041427), ('Surface(Pix)-SUMMARYsurf3D.tsv_q10.txt', 0.012188365650969533), ('Unnamed: 0-SUMMARYcompactness3D.tsv_q75.txt', 0.0110991668906208), ('SpherDiscrete(Pix)-SUMMARYcompactness3D.tsv_std.txt', 0.006664000000000002), ('Compactness(Pix)-SUMMARYcompactness3D.tsv_q75.txt', 0.0058468934911242686)]
('L394', 'C03')	18042023_s_Lm_st_L394_p_C03_pos001_tm_24_ch_Syto9_z_21_	L394	L628	[('Min-SUMMARYvol3D.tsv_q75.txt', 9.971000292880762), ('Min-SUMMARYvol3D.tsv_q90.txt', 9.290072720404623), ('Mean-SUMMARYvol3D.tsv_q90.txt', 2.8623543631844472), ('CompactCorr(Pix)-SUMMARYcompactness3D.tsv_q10.txt', 2.278129061957342), ('SpherCorr(Pix)-SUMMARYcompactness3D.tsv_q10.txt', 2.2121660687899745), ('Mean-SUMMARYvol3D.tsv_q75.txt', 2.0903999096681223), ('Mean-SUMMARYvol3D.tsv_median.txt', 1.878135351855244), ('Volume(Pix)-SUMMARYvol3D.tsv_var.txt', 1.72672914754681), ('Max-SUMMARYvol3D.tsv_q75.txt', 1.637416751528309), ('Volume(Unit)-SUMMARYvol3D.tsv_std.txt', 1.6217966246529885), ('Unnamed: 0-SUMMARYvol3D.tsv_median.txt', 1.6112373993923648), (' -SUMMARYvol3D.tsv_q75.txt', 1.596101162078492), ('Unnamed: 0-SUMMARYvol3D.tsv_mean.txt', 1.5583585583523374), ('Unnamed: 0-SUMMARYvol3D.tsv_q75.txt', 1.2528669797176863), ('Unnamed: 0-SUMMARYvol3D.tsv_max.txt', 1.2110123081290034), ('Volume(Unit)-SUMMARYvol3D.tsv_mean.txt', 1.1547778887463933), (' -SUMMARYvol3D.tsv_max.txt', 1.100163096648981), ('Unnamed: 0-SUMMARYvol3D.tsv_std.txt', 1.0081861478499006), ('Volume(Pix)-SUMMARYvol3D.tsv_std.txt', 0.9828996131049886), ('SpherDiscrete(Pix)-SUMMARYcompactness3D.tsv_median.txt', 0.9293216193942285), (' -SUMMARYvol3D.tsv_q10.txt', 0.9197923085675455), (' -SUMMARYvol3D.tsv_mean.txt', 0.8773759955254492), ('Unnamed: 0-SUMMARYvol3D.tsv_q10.txt', 0.8680536732392463), ('Unnamed: 0-SUMMARYvol3D.tsv_q90.txt', 0.8594244384694337), (' -SUMMARYvol3D.tsv_median.txt', 0.7713698585951289), (' -SUMMARYvol3D.tsv_q25.txt', 0.7387168858883061), ('Volume(Pix)-SUMMARYvol3D.tsv_mean.txt', 0.7268833772336905), (' -SUMMARYvol3D.tsv_q90.txt', 0.7180467678353352), (' -SUMMARYvol3D.tsv_std.txt', 0.6109195785088988), ('Max-SUMMARYvol3D.tsv_median.txt', 0.5641079945541457), (' -SUMMARYvol3D.tsv_var.txt', 0.549100865876027), ('Volume(Unit)-SUMMARYvol3D.tsv_var.txt', 0.5393392627740273), ('SurfaceCorr(Pix)-SUMMARYsurf3D.tsv_q90.txt', 0.5285259724388554), ('CompactDiscrete(Pix)-SUMMARYcompactness3D.tsv_mean.txt', 0.5090800034912426), ('SpherDiscrete(Pix)-SUMMARYcompactness3D.tsv_q90.txt', 0.463120708320953), ('Max-SUMMARYvol3D.tsv_q90.txt', 0.4406212113200856), ('Area-SUMMARYvol3D.tsv_std.txt', 0.4211804032095431), ('Unnamed: 0-SUMMARYvol3D.tsv_q25.txt', 0.4209282786713284), ('Volume(Pix)-SUMMARYvol3D.tsv_max.txt', 0.4088784143014119), ('SurfaceNbPix-SUMMARYsurf3D.tsv_max.txt', 0.32160566540880586), ('Unnamed: 0-SUMMARYvol3D.tsv_var.txt', 0.3175331686179098), ('Area-SUMMARYvol3D.tsv_var.txt', 0.28880163215789956), ('Min-SUMMARYvol3D.tsv_std.txt', 0.2751353263175218), ('Surface(Unit)-SUMMARYsurf3D.tsv_max.txt', 0.237876053219917), ('Surface(Pix)-SUMMARYsurf3D.tsv_q90.txt', 0.22030211497710317), ('SpherDiscrete(Pix)-SUMMARYcompactness3D.tsv_q75.txt', 0.21326681390974342), ('Compactness(Pix)-SUMMARYcompactness3D.tsv_q10.txt', 0.19879846629619646), ('Compactness(Unit)-SUMMARYcompactness3D.tsv_q10.txt', 0.17763442020461861), ('Sphericity(Pix)-SUMMARYcompactness3D.tsv_q10.txt', 0.17762708721839676), ('LabelObj-SUMMARYvol3D.tsv_q75.txt', 0.15670364703774203), ('SurfaceCorr(Pix)-SUMMARYsurf3D.tsv_std.txt', 0.13787641457287916), ('LabelObj-SUMMARYvol3D.tsv_q90.txt', 0.13570229323746638), ('LabelObj-SUMMARYvol3D.tsv_mean.txt', 0.13222202594511223), ('CompactDiscrete(Pix)-SUMMARYcompactness3D.tsv_q90.txt', 0.11259165375240536), ('Surface(Unit)-SUMMARYsurf3D.tsv_q90.txt', 0.08551132779316714), ('Volume(Unit)-SUMMARYvol3D.tsv_q90.txt', 0.08028854643898374), ('Surface(Pix)-SUMMARYsurf3D.tsv_max.txt', 0.0519783423573511), ('Max-SUMMARYvol3D.tsv_mean.txt', 0.0467753086419753), ('Volume(Unit)-SUMMARYvol3D.tsv_max.txt', 0.046221487603305786), ('Surface(Unit)-SUMMARYsurf3D.tsv_mean.txt', 0.04181441326530612), ('Min-SUMMARYvol3D.tsv_mean.txt', 0.037324), ('SurfaceCorr(Pix)-SUMMARYsurf3D.tsv_q75.txt', 0.037278106508875745), ('Sphericity(Unit)-SUMMARYcompactness3D.tsv_q10.txt', 0.03552479815455594), ('SurfaceCorr(Pix)-SUMMARYsurf3D.tsv_mean.txt', 0.03390625), ('Volume(Unit)-SUMMARYvol3D.tsv_q75.txt', 0.03235555555555556), ('CompactCorr(Pix)-SUMMARYcompactness3D.tsv_q25.txt', 0.03030038034096284), ('SurfaceNbPix-SUMMARYsurf3D.tsv_q75.txt', 0.02906427221172022), ('Min-SUMMARYvol3D.tsv_median.txt', 0.0205078125), ('Compactness(Pix)-SUMMARYcompactness3D.tsv_q25.txt', 0.01685281065088757), ('Surface(Pix)-SUMMARYsurf3D.tsv_mean.txt', 0.004735331632653063)]
('L394', 'C03')	18042023_s_Lm_st_L394_p_C03_pos002_tm_24_ch_Syto9_z_21_	L394	L628	[('Min-SUMMARYvol3D.tsv_q75.txt', 9.971000292880762), ('Min-SUMMARYvol3D.tsv_q90.txt', 9.290072720404623), ('Mean-SUMMARYvol3D.tsv_q90.txt', 2.8623543631844472), ('CompactCorr(Pix)-SUMMARYcompactness3D.tsv_q10.txt', 2.278129061957342), ('SpherCorr(Pix)-SUMMARYcompactness3D.tsv_q10.txt', 2.2121660687899745), ('Mean-SUMMARYvol3D.tsv_q75.txt', 2.0903999096681223), ('Mean-SUMMARYvol3D.tsv_median.txt', 1.878135351855244), ('Volume(Pix)-SUMMARYvol3D.tsv_var.txt', 1.72672914754681), ('Max-SUMMARYvol3D.tsv_q75.txt', 1.637416751528309), ('Volume(Unit)-SUMMARYvol3D.tsv_std.txt', 1.6217966246529885), ('Unnamed: 0-SUMMARYvol3D.tsv_median.txt', 1.6112373993923648), (' -SUMMARYvol3D.tsv_q75.txt', 1.596101162078492), ('Unnamed: 0-SUMMARYvol3D.tsv_mean.txt', 1.5583585583523374), ('Unnamed: 0-SUMMARYvol3D.tsv_q75.txt', 1.2528669797176863), ('Unnamed: 0-SUMMARYvol3D.tsv_max.txt', 1.2110123081290034), ('Volume(Unit)-SUMMARYvol3D.tsv_mean.txt', 1.1547778887463933), (' -SUMMARYvol3D.tsv_max.txt', 1.100163096648981), ('Unnamed: 0-SUMMARYvol3D.tsv_std.txt', 1.0081861478499006), ('Volume(Pix)-SUMMARYvol3D.tsv_std.txt', 0.9828996131049886), ('SpherDiscrete(Pix)-SUMMARYcompactness3D.tsv_median.txt', 0.9293216193942285), (' -SUMMARYvol3D.tsv_q10.txt', 0.9197923085675455), (' -SUMMARYvol3D.tsv_mean.txt', 0.8773759955254492), ('Unnamed: 0-SUMMARYvol3D.tsv_q10.txt', 0.8680536732392463), ('Unnamed: 0-SUMMARYvol3D.tsv_q90.txt', 0.8594244384694337), (' -SUMMARYvol3D.tsv_median.txt', 0.7713698585951289), (' -SUMMARYvol3D.tsv_q25.txt', 0.7387168858883061), ('Volume(Pix)-SUMMARYvol3D.tsv_mean.txt', 0.7268833772336905), (' -SUMMARYvol3D.tsv_q90.txt', 0.7180467678353352), (' -SUMMARYvol3D.tsv_std.txt', 0.6109195785088988), ('Max-SUMMARYvol3D.tsv_median.txt', 0.5641079945541457), (' -SUMMARYvol3D.tsv_var.txt', 0.549100865876027), ('Volume(Unit)-SUMMARYvol3D.tsv_var.txt', 0.5393392627740273), ('SurfaceCorr(Pix)-SUMMARYsurf3D.tsv_q90.txt', 0.5285259724388554), ('CompactDiscrete(Pix)-SUMMARYcompactness3D.tsv_mean.txt', 0.5090800034912426), ('SpherDiscrete(Pix)-SUMMARYcompactness3D.tsv_q90.txt', 0.463120708320953), ('Max-SUMMARYvol3D.tsv_q90.txt', 0.4406212113200856), ('Area-SUMMARYvol3D.tsv_std.txt', 0.4211804032095431), ('Unnamed: 0-SUMMARYvol3D.tsv_q25.txt', 0.4209282786713284), ('Volume(Pix)-SUMMARYvol3D.tsv_max.txt', 0.4088784143014119), ('SurfaceNbPix-SUMMARYsurf3D.tsv_max.txt', 0.32160566540880586), ('Unnamed: 0-SUMMARYvol3D.tsv_var.txt', 0.3175331686179098), ('Area-SUMMARYvol3D.tsv_var.txt', 0.28880163215789956), ('Min-SUMMARYvol3D.tsv_std.txt', 0.2751353263175218), ('Surface(Unit)-SUMMARYsurf3D.tsv_max.txt', 0.237876053219917), ('Surface(Pix)-SUMMARYsurf3D.tsv_q90.txt', 0.22030211497710317), ('SpherDiscrete(Pix)-SUMMARYcompactness3D.tsv_q75.txt', 0.21326681390974342), ('Compactness(Pix)-SUMMARYcompactness3D.tsv_q10.txt', 0.19879846629619646), ('Compactness(Unit)-SUMMARYcompactness3D.tsv_q10.txt', 0.17763442020461861), ('Sphericity(Pix)-SUMMARYcompactness3D.tsv_q10.txt', 0.17762708721839676), ('LabelObj-SUMMARYvol3D.tsv_q75.txt', 0.15670364703774203), ('SurfaceCorr(Pix)-SUMMARYsurf3D.tsv_std.txt', 0.13787641457287916), ('LabelObj-SUMMARYvol3D.tsv_q90.txt', 0.13570229323746638), ('LabelObj-SUMMARYvol3D.tsv_mean.txt', 0.13222202594511223), ('CompactDiscrete(Pix)-SUMMARYcompactness3D.tsv_q90.txt', 0.11259165375240536), ('Surface(Unit)-SUMMARYsurf3D.tsv_q90.txt', 0.08551132779316714), ('Volume(Unit)-SUMMARYvol3D.tsv_q90.txt', 0.08028854643898374), ('Surface(Pix)-SUMMARYsurf3D.tsv_max.txt', 0.0519783423573511), ('Max-SUMMARYvol3D.tsv_mean.txt', 0.0467753086419753), ('Volume(Unit)-SUMMARYvol3D.tsv_max.txt', 0.046221487603305786), ('Surface(Unit)-SUMMARYsurf3D.tsv_mean.txt', 0.04181441326530612), ('Min-SUMMARYvol3D.tsv_mean.txt', 0.037324), ('SurfaceCorr(Pix)-SUMMARYsurf3D.tsv_q75.txt', 0.037278106508875745), ('Sphericity(Unit)-SUMMARYcompactness3D.tsv_q10.txt', 0.03552479815455594), ('SurfaceCorr(Pix)-SUMMARYsurf3D.tsv_mean.txt', 0.03390625), ('Volume(Unit)-SUMMARYvol3D.tsv_q75.txt', 0.03235555555555556), ('CompactCorr(Pix)-SUMMARYcompactness3D.tsv_q25.txt', 0.03030038034096284), ('SurfaceNbPix-SUMMARYsurf3D.tsv_q75.txt', 0.02906427221172022), ('Min-SUMMARYvol3D.tsv_median.txt', 0.0205078125), ('Compactness(Pix)-SUMMARYcompactness3D.tsv_q25.txt', 0.01685281065088757), ('Surface(Pix)-SUMMARYsurf3D.tsv_mean.txt', 0.004735331632653063)]
('19115', 'C04')	25042023_s_Lm_st_19115_p_C04_pos001_tm_24_ch_Syto9_z_21_	19115	L455	[('Min-SUMMARYvol3D.tsv_q75.txt', 5.928782680934771), ('Mean-SUMMARYvol3D.tsv_q90.txt', 5.098385291508869), ('Mean-SUMMARYvol3D.tsv_q75.txt', 4.325522544903036), ('Mean-SUMMARYvol3D.tsv_median.txt', 4.222073268420467), ('Min-SUMMARYvol3D.tsv_q90.txt', 3.412919787012016), ('Max-SUMMARYvol3D.tsv_q75.txt', 2.361713330508915), ('SpherCorr(Pix)-SUMMARYcompactness3D.tsv_q10.txt', 1.0194697055303443), ('Volume(Pix)-SUMMARYvol3D.tsv_var.txt', 0.8940579429270143), ('Max-SUMMARYvol3D.tsv_median.txt', 0.8825874344735526), (' -SUMMARYvol3D.tsv_q75.txt', 0.7156621713989608), ('CompactCorr(Pix)-SUMMARYcompactness3D.tsv_q10.txt', 0.7093283689113623), ('Unnamed: 0-SUMMARYvol3D.tsv_q10.txt', 0.572958794526743), ('Volume(Pix)-SUMMARYvol3D.tsv_mean.txt', 0.5691505317890051), ('Area-SUMMARYvol3D.tsv_var.txt', 0.5600537504719737), ('Min-SUMMARYvol3D.tsv_var.txt', 0.5307144386940313), ('Volume(Pix)-SUMMARYvol3D.tsv_std.txt', 0.4766174917646481), ('LabelObj-SUMMARYvol3D.tsv_q75.txt', 0.44730536680531297), (' -SUMMARYvol3D.tsv_q25.txt', 0.43180961347127306), (' -SUMMARYvol3D.tsv_std.txt', 0.4263775453074783), ('CompactDiscrete(Pix)-SUMMARYcompactness3D.tsv_mean.txt', 0.4262663407595414), ('SurfaceNbPix-SUMMARYsurf3D.tsv_q90.txt', 0.42524417504681844), ('Volume(Unit)-SUMMARYvol3D.tsv_mean.txt', 0.42025952187842286), ('Min-SUMMARYvol3D.tsv_mean.txt', 0.415630379567663), ('Mean-SUMMARYvol3D.tsv_mean.txt', 0.4142594329649649), ('Min-SUMMARYvol3D.tsv_std.txt', 0.407397924295714), ('Volume(Pix)-SUMMARYvol3D.tsv_max.txt', 0.40233043107850175), ('Max-SUMMARYvol3D.tsv_mean.txt', 0.3966076918971744), (' -SUMMARYvol3D.tsv_max.txt', 0.38668946809428534), ('Area-SUMMARYvol3D.tsv_std.txt', 0.3350850127975419), ('Volume(Pix)-SUMMARYvol3D.tsv_q90.txt', 0.312547789829584), ('Volume(Unit)-SUMMARYvol3D.tsv_max.txt', 0.29601242012611195), ('Volume(Unit)-SUMMARYvol3D.tsv_std.txt', 0.292315996372579), (' -SUMMARYvol3D.tsv_q10.txt', 0.28742949578145266), ('Unnamed: 0-SUMMARYvol3D.tsv_max.txt', 0.275772380951522), ('SurfaceNbPix-SUMMARYsurf3D.tsv_max.txt', 0.26564676073305976), ('Sphericity(Pix)-SUMMARYcompactness3D.tsv_q10.txt', 0.2537775075494868), ('Compactness(Pix)-SUMMARYcompactness3D.tsv_q10.txt', 0.2488297449745393), ('Unnamed: 0-SUMMARYvol3D.tsv_median.txt', 0.2487423196560793), ('Surface(Pix)-SUMMARYsurf3D.tsv_q90.txt', 0.24477924967710485), (' -SUMMARYvol3D.tsv_median.txt', 0.18092575816612988), ('SpherDiscrete(Pix)-SUMMARYcompactness3D.tsv_median.txt', 0.1797283459796725), ('Mean-SUMMARYvol3D.tsv_std.txt', 0.14960999286572615), ('Volume(Unit)-SUMMARYvol3D.tsv_q90.txt', 0.14833689359034433), ('Unnamed: 0-SUMMARYvol3D.tsv_q90.txt', 0.14364123504641835), ('Sphericity(Unit)-SUMMARYcompactness3D.tsv_q10.txt', 0.13877363654011923), (' -SUMMARYvol3D.tsv_q90.txt', 0.1380855), ('Unnamed: 0-SUMMARYvol3D.tsv_var.txt', 0.13450263120717668), ('Unnamed: 0-SUMMARYvol3D.tsv_mean.txt', 0.13198856373265158), (' -SUMMARYvol3D.tsv_mean.txt', 0.13139390385184652), ('Max-SUMMARYvol3D.tsv_var.txt', 0.1290096943006663), ('Max-SUMMARYvol3D.tsv_std.txt', 0.12610487118208566), ('SurfaceCorr(Pix)-SUMMARYsurf3D.tsv_q90.txt', 0.12033958327877319), ('LabelObj-SUMMARYvol3D.tsv_mean.txt', 0.11778141317998546), ('SpherDiscrete(Pix)-SUMMARYcompactness3D.tsv_q90.txt', 0.07311716613044751), ('SurfaceCorr(Pix)-SUMMARYsurf3D.tsv_std.txt', 0.059867250429310584), ('CompactDiscrete(Pix)-SUMMARYcompactness3D.tsv_q90.txt', 0.051796875), ('Volume(Unit)-SUMMARYvol3D.tsv_var.txt', 0.033618171984856685), ('Surface(Unit)-SUMMARYsurf3D.tsv_max.txt', 0.031181530104119518), ('SpherDiscrete(Pix)-SUMMARYcompactness3D.tsv_q75.txt', 0.028173777315296567), ('Mean-SUMMARYvol3D.tsv_q25.txt', 0.023486419753086418), ('Sphericity(Unit)-SUMMARYcompactness3D.tsv_mean.txt', 0.011789715598965817), ('Sphericity(Pix)-SUMMARYcompactness3D.tsv_q75.txt', 0.0060998810939358), ('SurfaceCorr(Pix)-SUMMARYsurf3D.tsv_max.txt', 0.0057127991675338195), ('CompactCorr(Pix)-SUMMARYcompactness3D.tsv_min.txt', 0.0049038461538461605)]
('19115', 'C04')	25042023_s_Lm_st_19115_p_C04_pos002_tm_24_ch_Syto9_z_21_	19115	L455	[('Min-SUMMARYvol3D.tsv_q75.txt', 5.928782680934771), ('Mean-SUMMARYvol3D.tsv_q90.txt', 5.268866300898597), ('Mean-SUMMARYvol3D.tsv_q75.txt', 4.369756949439898), ('Mean-SUMMARYvol3D.tsv_median.txt', 4.222073268420467), ('Min-SUMMARYvol3D.tsv_q90.txt', 3.80967273104075), ('Max-SUMMARYvol3D.tsv_q75.txt', 2.361713330508915), ('SpherCorr(Pix)-SUMMARYcompactness3D.tsv_q10.txt', 1.0816181430303444), ('Volume(Pix)-SUMMARYvol3D.tsv_var.txt', 0.8940579429270143), ('Max-SUMMARYvol3D.tsv_median.txt', 0.8825874344735526), (' -SUMMARYvol3D.tsv_q75.txt', 0.7156621713989608), ('CompactCorr(Pix)-SUMMARYcompactness3D.tsv_q10.txt', 0.7093283689113623), ('Unnamed: 0-SUMMARYvol3D.tsv_q10.txt', 0.572958794526743), ('Volume(Pix)-SUMMARYvol3D.tsv_mean.txt', 0.5691505317890051), ('Area-SUMMARYvol3D.tsv_var.txt', 0.5600537504719737), ('Min-SUMMARYvol3D.tsv_var.txt', 0.5307144386940313), ('Volume(Pix)-SUMMARYvol3D.tsv_std.txt', 0.4766174917646481), ('LabelObj-SUMMARYvol3D.tsv_q75.txt', 0.44730536680531297), (' -SUMMARYvol3D.tsv_q25.txt', 0.43180961347127306), (' -SUMMARYvol3D.tsv_std.txt', 0.4263775453074783), ('CompactDiscrete(Pix)-SUMMARYcompactness3D.tsv_mean.txt', 0.4262663407595414), ('SurfaceNbPix-SUMMARYsurf3D.tsv_q90.txt', 0.42524417504681844), ('Volume(Unit)-SUMMARYvol3D.tsv_mean.txt', 0.42025952187842286), ('Min-SUMMARYvol3D.tsv_mean.txt', 0.415630379567663), ('Mean-SUMMARYvol3D.tsv_mean.txt', 0.4142594329649649), ('Min-SUMMARYvol3D.tsv_std.txt', 0.407397924295714), ('Volume(Pix)-SUMMARYvol3D.tsv_max.txt', 0.40233043107850175), ('Max-SUMMARYvol3D.tsv_mean.txt', 0.3966076918971744), (' -SUMMARYvol3D.tsv_max.txt', 0.38668946809428534), ('Area-SUMMARYvol3D.tsv_std.txt', 0.3350850127975419), ('Volume(Pix)-SUMMARYvol3D.tsv_q90.txt', 0.312547789829584), ('Volume(Unit)-SUMMARYvol3D.tsv_max.txt', 0.29601242012611195), ('Volume(Unit)-SUMMARYvol3D.tsv_std.txt', 0.292315996372579), (' -SUMMARYvol3D.tsv_q10.txt', 0.28742949578145266), ('Unnamed: 0-SUMMARYvol3D.tsv_max.txt', 0.275772380951522), ('SurfaceNbPix-SUMMARYsurf3D.tsv_max.txt', 0.26564676073305976), ('Sphericity(Pix)-SUMMARYcompactness3D.tsv_q10.txt', 0.2537775075494868), ('Compactness(Pix)-SUMMARYcompactness3D.tsv_q10.txt', 0.2488297449745393), ('Unnamed: 0-SUMMARYvol3D.tsv_median.txt', 0.2487423196560793), ('Surface(Pix)-SUMMARYsurf3D.tsv_q90.txt', 0.24477924967710485), (' -SUMMARYvol3D.tsv_median.txt', 0.18092575816612988), ('SpherDiscrete(Pix)-SUMMARYcompactness3D.tsv_median.txt', 0.1797283459796725), ('Mean-SUMMARYvol3D.tsv_std.txt', 0.14960999286572615), ('Volume(Unit)-SUMMARYvol3D.tsv_q90.txt', 0.14833689359034433), ('Unnamed: 0-SUMMARYvol3D.tsv_q90.txt', 0.14364123504641835), ('Sphericity(Unit)-SUMMARYcompactness3D.tsv_q10.txt', 0.13877363654011923), (' -SUMMARYvol3D.tsv_q90.txt', 0.1380855), ('Unnamed: 0-SUMMARYvol3D.tsv_var.txt', 0.13450263120717668), ('Unnamed: 0-SUMMARYvol3D.tsv_mean.txt', 0.13198856373265158), (' -SUMMARYvol3D.tsv_mean.txt', 0.13139390385184652), ('Max-SUMMARYvol3D.tsv_var.txt', 0.1290096943006663), ('Max-SUMMARYvol3D.tsv_std.txt', 0.12610487118208566), ('SurfaceCorr(Pix)-SUMMARYsurf3D.tsv_q90.txt', 0.12033958327877319), ('LabelObj-SUMMARYvol3D.tsv_mean.txt', 0.11778141317998546), ('SpherDiscrete(Pix)-SUMMARYcompactness3D.tsv_q90.txt', 0.11577732125828434), ('SpherDiscrete(Pix)-SUMMARYcompactness3D.tsv_q75.txt', 0.06926264450279657), ('SurfaceCorr(Pix)-SUMMARYsurf3D.tsv_std.txt', 0.059867250429310584), ('CompactDiscrete(Pix)-SUMMARYcompactness3D.tsv_q90.txt', 0.051796875), ('Volume(Unit)-SUMMARYvol3D.tsv_var.txt', 0.033618171984856685), ('Surface(Unit)-SUMMARYsurf3D.tsv_max.txt', 0.031181530104119518), ('Mean-SUMMARYvol3D.tsv_q25.txt', 0.023486419753086418), ('Sphericity(Unit)-SUMMARYcompactness3D.tsv_mean.txt', 0.011789715598965817), ('Sphericity(Pix)-SUMMARYcompactness3D.tsv_q75.txt', 0.0060998810939358), ('SurfaceCorr(Pix)-SUMMARYsurf3D.tsv_max.txt', 0.0057127991675338195), ('CompactCorr(Pix)-SUMMARYcompactness3D.tsv_min.txt', 0.0049038461538461605)]
